,Название,ISIN,Доступен шорт,"Ставка риска в %, лонг/шорт"
0,"Доллар СШАUSDRUB, Валюта",,Доступен,11.64 / 12.36
1,"ЕвроEURRUB, Валюта",,Доступен,11.64 / 12.36
2,"Фунт стерлинговGBPRUB, Валюта",,Нет,99.19 / 264.81
3,"Швейцарский франкCHFRUB, Валюта",,Нет,100 / 100
4,"ЮаньCNYRUB, Валюта",,Нет,99.19 / 264.81
5,"ИенаJPYRUB, Валюта",,Нет,99.19 / 264.81
6,"Гонконгский долларHKDRUB, Валюта",,Нет,99.19 / 264.81
7,"Турецкая лираTRYRUB, Валюта",,Нет,99.19 / 264.81
8,"Детский МирDSKY, Акции",RU000A0JSQ90,Доступен,20.08 / 25.44
9,"Энел РоссияENRU, Акции",RU000A0F5UN3,Доступен,20.08 / 25.44
10,"НижнекамскнефтехимNKNC, Акции",RU0009100507,Нет,21.04 / 36.56
11,"Нижнекамскнефтехим - акции привилегированныеNKNCP, Акции",RU0006765096,Нет,20.42 / 24.48
12,"Российские сети - акции привилегированныеRSTIP, Акции",RU000A0JPVK8,Нет,20.08 / 22.32
13,"КАМАЗKMAZ, Акции",RU0008959580,Нет,20.08 / 62.56
14,"ЛенэнергоLSNG, Акции",RU0009034490,Нет,100 / 100
15,"Ленэнерго - акции привилегированныеLSNGP, Акции",RU0009092134,Нет,20.08 / 22.32
16,"МГТС - акции привилегированныеMGTSP, Акции",RU0009036479,Нет,20.08 / 22.32
17,"ДВМПFESH, Акции",RU0008992318,Нет,20.79 / 38.09
18,"ТГК-1TGKA, Акции",RU000A0JNUD0,Доступен,20.08 / 25.44
19,"Банк Санкт-ПетербургBSPB, Акции",RU0009100945,Нет,20.08 / 22.32
20,"ЛентаLNTA, Акции",US52634T2006,Доступен,75 / 125
21,"Полюс ЗолотоPLZL, Акции",RU000A0JNAA8,Доступен,20.08 / 25.44
22,"ТаттелекомTTLK, Акции",RU000A0HM5C1,Нет,20.08 / 22.32
23,"Ашинский метзаводAMEZ, Акции",RU000A0B88G6,Нет,22.91 / 45.3
24,"Вторая генерирующая компания оптового рынка электроэнергииOGKB, Акции",RU000A0JNG55,Доступен,20.08 / 25.44
25,"Группа ЧеркизовоGCHE, Акции",RU000A0JL4R1,Нет,20.08 / 29.5
26,"ЛензолотоLNZL, Акции",RU000A0JP1N2,Нет,31.28 / 107.36
27,"МРСК Центра и ПриволжьяMRKP, Акции",RU000A0JPN96,Нет,20.08 / 25.44
28,"МРСК ЦентраMRKC, Акции",RU000A0JPPL8,Нет,20.08 / 22.32
29,"Обувь РоссииORUP, Акции",RU000A0JXKG3,Нет,43.25 / 144.64
30,"СелигдарSELG, Акции",RU000A0JPR50,Нет,20.08 / 22.32
31,"ПАО «КАЗАНЬОРГСИНТЕЗ»KZOS, Акции",RU0009089825,Нет,20.08 / 27.85
32,"ПАО «КАЗАНЬОРГСИНТЕЗ» - акции привилегированныеKZOSP, Акции",RU0006753456,Нет,33.4 / 92.99
33,"Саратовский НПЗ - акции привилегированныеKRKNP, Акции",RU0009100416,Нет,20.08 / 22.32
34,"АбрауДюрсоABRD, Акции",RU000A0JS5T7,Нет,20.08 / 28.69
35,"Московская БиржаMOEX, Акции",RU000A0JR4A1,Доступен,20.08 / 25.44
36,"Сбер БанкSBER, Акции",RU0009029540,Доступен,20.08 / 25.44
37,"ГазпромGAZP, Акции",RU0007661625,Доступен,20.08 / 25.44
38,"Банк ВТБVTBR, Акции",RU000A0JP5V6,Доступен,20.08 / 25.44
39,"ЛУКОЙЛLKOH, Акции",RU0009024277,Доступен,20.08 / 25.44
40,"РоснефтьROSN, Акции",RU000A0J2Q06,Доступен,20.08 / 25.44
41,"Норильский никельGMKN, Акции",RU0007288411,Доступен,20.08 / 25.44
42,"СургутнефтегазSNGS, Акции",RU0008926258,Доступен,20.08 / 25.44
43,"Сбер Банк - привилегированные акцииSBERP, Акции",RU0009029557,Доступен,20.08 / 25.44
44,"ФСК ЕЭСFEES, Акции",RU000A0JPNN9,Доступен,20.08 / 25.44
45,"РусГидроHYDR, Акции",RU000A0JPKH7,Доступен,20.08 / 25.44
46,"СеверстальCHMF, Акции",RU0009046510,Доступен,20.08 / 25.44
47,"ТранснефтьTRNFP, Акции",RU0009091573,Доступен,20.08 / 25.44
48,"НОВАТЭКNVTK, Акции",RU000A0DKVS5,Доступен,20.08 / 25.44
49,"PolymetalPOLY, Акции",JE00B6T5S470,Доступен,20.08 / 25.44
50,"МагнитMGNT, Акции",RU000A0JKQU8,Доступен,20.08 / 25.44
51,"ТатнефтьTATN, Акции",RU0009033591,Доступен,20.08 / 25.44
52,"НЛМКNLMK, Акции",RU0009046452,Доступен,20.08 / 25.44
53,"Сургутнефтегаз - привилегированные акцииSNGSP, Акции",RU0009029524,Доступен,20.08 / 25.44
54,"МТСMTSS, Акции",RU0007775219,Доступен,20.08 / 25.44
55,"Российские сетиRSTI, Акции",RU000A0JPVJ0,Доступен,20.08 / 25.44
56,"РостелекомRTKM, Акции",RU0008943394,Доступен,20.08 / 25.44
57,"АэрофлотAFLT, Акции",RU0009062285,Доступен,20.08 / 25.44
58,"Интер РАО ЕЭСIRAO, Акции",RU000A0JPNM1,Доступен,20.08 / 25.44
59,"Газпром нефтьSIBN, Акции",RU0009062467,Доступен,20.08 / 25.44
60,"Магнитогорский металлургический комбинатMAGN, Акции",RU0009084396,Доступен,20.08 / 25.44
61,"МечелMTLR, Акции",RU000A0DKXV5,Доступен,36 / 75.54
62,"Ростелеком - Привилегированные акцииRTKMP, Акции",RU0009046700,Доступен,20.08 / 25.44
63,"АФК СистемаAFKS, Акции",RU000A0DQZE3,Доступен,20.08 / 25.44
64,"РаспадскаяRASP, Акции",RU000A0B90N8,Доступен,20.08 / 48.57
65,"Башнефть - привилегированные акцииBANEP, Акции",RU0007976965,Доступен,20.08 / 25.44
66,"ЮнипроUPRO, Акции",RU000A0JNGA5,Доступен,20.08 / 25.44
67,"БашнефтьBANE, Акции",RU0007976957,Доступен,20.08 / 25.44
68,"МосэнергоMSNG, Акции",RU0008958863,Нет,20.08 / 22.32
69,"Татнефть - привилегированные акцииTATNP, Акции",RU0006944147,Доступен,20.08 / 25.44
70,"АкронAKRN, Акции",RU0009028674,Нет,20.08 / 26.32
71,"ФосАгроPHOR, Акции",RU000A0JRKT8,Доступен,20.08 / 25.44
72,"АЛРОСАALRS, Акции",RU0007252813,Доступен,20.08 / 25.44
73,"ПИКPIKK, Акции",RU000A0JP7J7,Доступен,20.08 / 25.44
74,"НМТПNMTP, Акции",RU0009084446,Нет,20.08 / 22.32
75,"Группа ЛСРLSRG, Акции",RU000A0JPFP0,Доступен,20.08 / 25.44
76,"М.ВидеоMVID, Акции",RU000A0JPGA0,Доступен,20.08 / 25.44
77,"ВСМПО-АВИСМАVSMO, Акции",RU0009100291,Нет,20.08 / 22.32
78,"Мечел - Привилегированные акцииMTLRP, Акции",RU000A0JPV70,Доступен,36 / 61.85
79,"Трубная Металлургическая КомпанияTRMK, Акции",RU000A0B6NK6,Нет,32.1 / 54.8
80,"РусоловоROLO, Акции",RU000A0JU1B0,Нет,26.04 / 39.43
81,"QIWIQIWI, Акции",US74735M1080,Нет,43.75 / 56.25
82,"YandexYNDX, Акции",NL0009805522,Доступен,20.08 / 25.44
83,"РусАгроAGRO, Акции",US7496552057,Доступен,75 / 125
84,"РУСАЛRUAL, Акции",RU000A1025V3,Доступен,20.08 / 30.44
85,"ОВКUWGN, Акции",RU000A0JVBT9,Нет,30.56 / 102.09
86,"МКБCBOM, Акции",RU000A0JUG31,Доступен,20.08 / 25.44
87,"РуссНефтьRNFT, Акции",RU000A0JSE60,Нет,20.08 / 31.26
88,"ГДР X5 RetailGroupFIVE, Акции",US98387E2054,Доступен,26.04 / 29.96
89,"MAIL.RUMAIL, Акции",US5603172082,Доступен,20.08 / 25.44
90,"Globaltrans Investment PLCGLTR, Акции",US37949E2046,Нет,20.08 / 22.32
91,"Русская аквакультураAQUA, Акции",RU000A0JQTS3,Нет,20.08 / 22.32
92,"ФармсинтезLIFE, Акции",RU000A0JR514,Нет,22.56 / 25.57
93,"ИСКЧISKJ, Акции",RU000A0JNAB6,Нет,31.94 / 56.18
94,"Лензолото - привилегированные акцииLNZLP, Акции",RU000A0JP1P7,Нет,36.38 / 96.7
95,"En+ GroupENPG, Акции",RU000A100K72,Нет,20.08 / 22.32
96,"Petropavlovsk PLCPOGR, Акции",GB0031544546,Нет,20.08 / 25.24
97,"Белуга Групп ПАО аоBELU, Акции",RU000A0HL5M1,Нет,30.41 / 125
98,"ГК СамолетSMLT, Акции",RU000A0ZZG02,Нет,22.56 / 48.67
99,"Ozon Holdings PLCOZON, Акции",US69269L1044,Доступен,91 / 189
100,"Fix Price GroupFIXP, Акции",US33835G2057,Нет,75 / 125
101,"СегежаSGZH, Акции",RU000A102XG9,Нет,34.71 / 76.89
102,"СовкомфлотFLOT, Акции",RU000A0JXNU8,Нет,20.08 / 22.32
103,"United medical groupGEMC, Акции",US91085A2033,Доступен,100 / 300
104,"ГК Мать и дитяMDMG, Акции",US55279C2008,Нет,20.08 / 22.32
105,"AmerenAEE, Акции",US0236081024,Нет,20.08 / 25.44
106,"AppleAAPL, Акции",US0378331005,Доступен,20.08 / 25.44
107,"American TowerAMT, Акции",US03027X1000,Доступен,20.08 / 25.44
108,"AmphenolAPH, Акции",US0320951017,Нет,20.08 / 25.44
109,"PrologisPLD, Акции",US74340W1036,Нет,20.08 / 25.44
110,"AbbottABT, Акции",US0028241000,Доступен,20.08 / 25.44
111,"China MobileCHL, Акции",US16941M1099,Нет,100 / 100
112,"FluorFLR, Акции",US3434121022,Нет,59.04 / 53.76
113,"AdobeADBE, Акции",US00724F1012,Доступен,20.08 / 25.44
114,"Western UnionWU, Акции",US9598021098,Доступен,20.08 / 25.44
115,"Royal Caribbean CruisesRCL, Акции",LR0008862868,Доступен,29.44 / 34.56
116,"Analog DevicesADI, Акции",US0326541051,Нет,20.08 / 25.44
117,"MetLifeMET, Акции",US59156R1086,Доступен,20.08 / 25.44
118,"Archer-Daniels-Midland CompanyADM, Акции",US0394831020,Доступен,20.08 / 25.44
119,"Aflac IncorporatedAFL, Акции",US0010551028,Нет,20.08 / 25.44
120,"Rockwell AutomationROK, Акции",US7739031091,Нет,20.08 / 25.44
121,"HessHES, Акции",US42809H1077,Нет,25.18 / 28.82
122,"Cognizant Technology SolutionsCTSH, Акции",US1924461023,Нет,20.08 / 25.44
123,"American International GroupAIG, Акции",US0268747849,Доступен,20.08 / 25.44
124,"Valero Energy CorporationVLO, Акции",US91913Y1001,Доступен,20.08 / 29.96
125,"NVIDIANVDA, Акции",US67066G1040,Доступен,26.9 / 31.1
126,"Alaska Air GroupALK, Акции",US0116591092,Доступен,20.08 / 25.44
127,"Darden RestaurantsDRI, Акции",US2371941053,Доступен,20.08 / 25.44
128,"Applied MaterialsAMAT, Акции",US0382221051,Доступен,22.56 / 25.44
129,"AMDAMD, Акции",US0079031078,Доступен,41.48 / 52.52
130,"AmgenAMGN, Акции",US0311621009,Доступен,20.08 / 25.44
131,"Devon EnergyDVN, Акции",US25179M1036,Доступен,29.44 / 36.89
132,"ApacheAPAold, Акции",US0374111054,Нет,100 / 100
133,"Alexandria Real Estate EquitiesARE, Акции",US0152711091,Доступен,20.08 / 25.44
134,"Air Products & ChemicalsAPD, Акции",US0091581068,Нет,20.08 / 25.44
135,"AnthemANTM, Акции",US0367521038,Нет,20.08 / 25.44
136,"American ExpressAXP, Акции",US0258161092,Доступен,20.08 / 25.44
137,"BOEINGBA, Акции",US0970231058,Доступен,20.08 / 26.56
138,"Bank of America CorpBAC, Акции",US0605051046,Доступен,20.08 / 25.44
139,"Xcel EnergyXEL, Акции",US98389B1008,Нет,20.08 / 25.44
140,"Baxter InternationalBAX, Акции",US0718131099,Нет,20.08 / 25.44
141,"Best Buy Co.BBY, Акции",US0865161014,Доступен,20.08 / 25.44
142,"Becton, Dickinson and CompanyBDX, Акции",US0758871091,Нет,20.08 / 25.44
143,"Franklin ResourcesBEN, Акции",US3546131018,Доступен,20.08 / 25.44
144,"Bank of New York MellonBK, Акции",US0640581007,Доступен,20.08 / 25.44
145,"Ball CorporationBLL, Акции",US0584981064,Доступен,20.08 / 25.44
146,"Centene CorporationCNC, Акции",US15135B1017,Доступен,26.04 / 36.89
147,"CaterpillarCAT, Акции",US1491231015,Доступен,20.08 / 25.44
148,"CarnivalCCL, Акции",PA1436583006,Доступен,24.31 / 32.25
149,"CernerCERN, Акции",US1567821046,Нет,20.08 / 25.44
150,"First SolarFSLR, Акции",US3364331070,Доступен,30.28 / 35.72
151,"Alliance Data SystemsADS, Акции",US0185811082,Доступен,20.08 / 34.56
152,"Cincinnati Financial CorporationCINF, Акции",US1720621010,Доступен,20.08 / 25.44
153,"Colgate-PalmoliveCL, Акции",US1941621039,Нет,20.08 / 25.44
154,"Cleveland-CliffsCLF, Акции",US1858991011,Доступен,84 / 156
155,"The Clorox CompanyCLX, Акции",US1890541097,Нет,20.08 / 25.44
156,"ComcastCMCSA, Акции",US20030N1019,Доступен,20.08 / 25.44
157,"MosaicMOS, Акции",US61945C1036,Доступен,22.56 / 25.44
158,"Marriott InternationalMAR, Акции",US5719032022,Доступен,20.08 / 25.44
159,"VeriSignVRSN, Акции",US92343E1029,Нет,20.08 / 25.44
160,"Capital OneCOF, Акции",US14040H1059,Нет,20.08 / 25.44
161,"Lumen TechnologiesLUMN, Акции",US5502411037,Нет,22.56 / 25.44
162,"CumminsCMI, Акции",US2310211063,Нет,20.08 / 25.44
163,"CVS Health CorporationCVS, Акции",US1266501006,Доступен,20.08 / 25.44
164,"Martin Marietta MaterialsMLM, Акции",US5732841060,Нет,20.08 / 25.44
165,"O'Reilly AutomotiveORLY, Акции",US67103H1077,Нет,20.08 / 25.44
166,"Deere & CompanyDE, Акции",US2441991054,Нет,20.08 / 25.44
167,"NortonLifeLock IncNLOK, Акции",US6687711084,Нет,100 / 100
168,"Yum!YUM, Акции",US9884981013,Доступен,20.08 / 25.44
169,"DanaherDHR, Акции",US2358511028,Доступен,20.08 / 25.44
170,"Walt DisneyDIS, Акции",US2546871060,Доступен,20.08 / 25.44
171,"IntuitINTU, Акции",US4612021034,Нет,20.08 / 25.44
172,"TransoceanRIG, Акции",CH0048265513,Нет,100 / 100
173,"Microchip TechnologyMCHP, Акции",US5950171042,Нет,20.08 / 25.44
174,"EcolabECL, Акции",US2788651006,Нет,100 / 100
175,"CME GROUPCME, Акции",US12572Q1058,Доступен,20.08 / 25.44
176,"Consolidated EdisonED, Акции",US2091151041,Доступен,20.08 / 25.44
177,"Melco Resorts & EntertainmentMLCO, Акции",US5854641009,Доступен,30.28 / 35.72
178,"EquifaxEFX, Акции",US2944291051,Нет,20.08 / 25.44
179,"Sinopec Shanghai PetrochemicalSHI, Акции",US82935M1099,Доступен,30.28 / 35.72
180,"Emerson ElectricEMR, Акции",US2910111044,Доступен,20.08 / 25.44
181,"EQT CorporationEQT, Акции",US26884L1098,Доступен,25.18 / 26.56
182,"AlbemarleALB, Акции",US0126531013,Доступен,22.56 / 25.44
183,"Simon Property GroupSPG, Акции",US8288061091,Доступен,20.08 / 25.44
184,"Eaton CorporationETN, Акции",IE00B8KQN827,Нет,20.08 / 25.44
185,"Acuity BrandsAYI, Акции",US00508Y1029,Нет,25.18 / 28.82
186,"Travelers CosTRV, Акции",US89417E1091,Нет,20.08 / 25.44
187,"Fastenal CompanyFAST, Акции",US3119001044,Нет,20.08 / 25.44
188,"Freeport-McMoRanFCX, Акции",US35671D8570,Доступен,39.16 / 48.84
189,"FedExFDX, Акции",US31428X1063,Доступен,20.08 / 25.44
190,"FiservFISV, Акции",US3377381088,Нет,20.08 / 25.44
191,"Fifth Third BancorpFITB, Акции",US3167731005,Нет,20.08 / 25.44
192,"FMCFMC, Акции",US3024913036,Нет,20.08 / 25.44
193,"Intuitive SurgicalISRG, Акции",US46120E6023,Нет,20.08 / 25.44
194,"Akamai TechnologiesAKAM, Акции",US00971T1016,Нет,20.08 / 25.44
195,"NextEra EnergyNEE, Акции",US65339F1012,Доступен,20.08 / 25.44
196,"Fidelity National InformationFIS, Акции",US31620M1062,Нет,20.08 / 25.44
197,"General DynamicsGD, Акции",US3695501086,Доступен,20.08 / 25.44
198,"General Electric CompanyGE, Акции",US3696043013,Нет,22.56 / 25.44
199,"General MillsGIS, Акции",US3703341046,Нет,20.08 / 25.44
200,"State StreetSTT, Акции",US8574771031,Нет,20.08 / 25.44
201,"CorningGLW, Акции",US2193501051,Доступен,20.08 / 25.44
202,"GapGPS, Акции",US3647601083,Доступен,26.9 / 31.1
203,"Goodyear Tire & RubberGT, Акции",US3825501014,Доступен,20.08 / 28.82
204,"Zimmer Biomet HoldingsZBH, Акции",US98956P1021,Нет,20.08 / 25.44
205,"WW GraingerGWW, Акции",US3848021040,Нет,20.08 / 25.44
206,"HalliburtonHAL, Акции",US4062161017,Доступен,22.56 / 27.69
207,"HasbroHAS, Акции",US4180561072,Доступен,20.08 / 25.44
208,"Huntington BancsharesHBAN, Акции",US4461501045,Доступен,20.08 / 25.44
209,"WelltowerWELL, Акции",US95040Q1040,Доступен,20.08 / 25.44
210,"The Home DepotHD, Акции",US4370761029,Доступен,20.08 / 25.44
211,"Harley-DavidsonHOG, Акции",US4128221086,Доступен,22.56 / 28.82
212,"Chesapeake Energy CorporationCHK, Акции",US1651677437,Нет,100 / 100
213,"Urban OutfittersURBN, Акции",US9170471026,Нет,34.39 / 42.8
214,"MacerichMAC, Акции",US5543821012,Доступен,42.24 / 66.41
215,"BookingBKNG, Акции",US09857L1089,Доступен,20.08 / 25.44
216,"L3Harris Technologies IncLHX, Акции",US5024311095,Доступен,20.08 / 25.44
217,"HersheyHSY, Акции",US4278661081,Нет,20.08 / 25.44
218,"HumanaHUM, Акции",US4448591028,Нет,20.08 / 25.44
219,"CarMaxKMX, Акции",US1431301027,Нет,22.56 / 25.44
220,"SK Telecom Co.SKM, Акции",US78440P1084,Нет,20.08 / 25.44
221,"IBMIBM, Акции",US4592001014,Доступен,20.08 / 25.44
222,"AvalonBay CommunitiesAVB, Акции",US0534841012,Нет,20.08 / 25.44
223,"IDEXXIDXX, Акции",US45168D1046,Доступен,20.08 / 25.44
224,"International Flavors & FragrancesIFF, Акции",US4595061015,Нет,20.08 / 25.44
225,"Tractor SupplyTSCO, Акции",US8923561067,Нет,20.08 / 25.44
226,"Morgan StanleyMS, Акции",US6174464486,Доступен,20.08 / 25.44
227,"Energy Transfer LPET, Акции",US29273V1008,Доступен,44.5 / 57.5
228,"International PaperIP, Акции",US4601461035,Нет,20.08 / 25.44
229,"Trane TechnologiesTT, Акции",IE00BK9ZQ967,Нет,100 / 100
230,"AutodeskADSK, Акции",US0527691069,Доступен,26.9 / 31.1
231,"Illinois Tool WorksITW, Акции",US4523081093,Нет,20.08 / 25.44
232,"JB HuntJBHT, Акции",US4456581077,Нет,20.08 / 25.44
233,"Johnson & JohnsonJNJ, Акции",US4781601046,Доступен,20.08 / 25.44
234,"KelloggK, Акции",US4878361082,Нет,20.08 / 25.44
235,"KeyCorpKEY, Акции",US4932671088,Доступен,20.08 / 25.44
236,"KLA-TencorKLAC, Акции",US4824801009,Нет,22.56 / 25.44
237,"Kimberly-ClarkKMB, Акции",US4943681035,Доступен,20.08 / 25.44
238,"COCA-COLAKO, Акции",US1912161007,Доступен,20.08 / 25.44
239,"KrogerKR, Акции",US5010441013,Доступен,20.08 / 25.44
240,"SalesforceCRM, Акции",US79466L3024,Доступен,20.08 / 25.44
241,"LennarLEN, Акции",US5260571048,Нет,20.08 / 25.44
242,"Eli Lilly & CoLLY, Акции",US5324571083,Доступен,20.08 / 33.4
243,"Lowe'sLOW, Акции",US5486611073,Доступен,20.08 / 25.44
244,"Lam ResearchLRCX, Акции",US5128071082,Доступен,22.56 / 25.44
245,"NokiaNOK, Акции",US6549022043,Нет,27.75 / 36.89
246,"L BrandsLB, Акции",US5017971046,Нет,36 / 44
247,"Southwest AirlinesLUV, Акции",US8447411088,Доступен,20.08 / 25.44
248,"MascoMAS, Акции",US5745991068,Доступен,20.08 / 25.44
249,"IncyteINCY, Акции",US45337C1027,Доступен,29.44 / 34.56
250,"Mc'DONALDSMCD, Акции",US5801351017,Доступен,20.08 / 25.44
251,"MedtronicMDT, Акции",IE00BTN1Y115,Доступен,20.08 / 25.44
252,"Electronic ArtsEA, Акции",US2855121099,Доступен,20.08 / 25.44
253,"S&P GlobalSPGI, Акции",US78409V1044,Доступен,20.08 / 25.44
254,"Marsh & McLennanMMC, Акции",US5717481023,Нет,20.08 / 25.44
255,"3M CompanyMMM, Акции",US88579Y1010,Доступен,20.08 / 25.44
256,"Altria GroupMO, Акции",US02209S1033,Доступен,20.08 / 25.44
257,"Motorola SolutionsMSI, Акции",US6200763075,Нет,20.08 / 25.44
258,"MerckMRK, Акции",US58933Y1055,Нет,20.08 / 25.44
259,"Microsoft CorporationMSFT, Акции",US5949181045,Доступен,20.08 / 25.44
260,"Public StoragePSA, Акции",US74460D1090,Нет,20.08 / 25.44
261,"Mylan NVMYL, Акции",NL0011031208,Нет,100 / 100
262,"Noble EnergyNBL, Акции",US6550441058,Нет,100 / 100
263,"Newmont Goldcorp CorporationNEM, Акции",US6516391066,Доступен,25.18 / 28.82
264,"Republic ServicesRSG, Акции",US7607591002,Нет,20.08 / 25.44
265,"Northrop GrummanNOC, Акции",US6668071029,Нет,20.08 / 25.44
266,"Norfolk SouthernNSC, Акции",US6558441084,Нет,20.08 / 25.44
267,"Northern TrustNTRS, Акции",US6658591044,Нет,20.08 / 25.44
268,"Eversource EnergyES, Акции",US30040W1080,Нет,20.08 / 25.44
269,"ONEOKOKE, Акции",US6826801036,Доступен,25.18 / 28.82
270,"OracleORCL, Акции",US68389X1054,Доступен,20.08 / 25.44
271,"FordF, Акции",US3453708600,Доступен,20.08 / 25.44
272,"Occidental PetroleumOXY, Акции",US6745991058,Доступен,22.56 / 46.41
273,"ConocoPhillipsCOP, Акции",US20825C1045,Доступен,20.08 / 25.44
274,"People's United FinancialPBCT, Акции",US7127041058,Доступен,20.08 / 28.82
275,"Pitney BowesPBI, Акции",US7244791007,Доступен,49.59 / 61.29
276,"PACCARPCAR, Акции",US6937181088,Нет,20.08 / 25.44
277,"PG&EPCG, Акции",US69331C1080,Доступен,20.08 / 25.44
278,"Public Service Enterprise GroupPEG, Акции",US7445731067,Нет,20.08 / 25.44
279,"ChubbCB, Акции",CH0044328745,Нет,20.08 / 25.44
280,"PfizerPFE, Акции",US7170811035,Нет,20.08 / 25.44
281,"Procter & GamblePG, Акции",US7427181091,Доступен,20.08 / 25.44
282,"ProgressivePGR, Акции",US7433151039,Нет,20.08 / 25.44
283,"Parker-HannifinPH, Акции",US7010941042,Нет,20.08 / 25.44
284,"PulteGroupPHM, Акции",US7458671010,Нет,20.08 / 25.44
285,"PetroChinaPTR, Акции",US71646E1001,Доступен,22.56 / 25.44
286,"PNC Financial ServicesPNC, Акции",US6934751057,Нет,20.08 / 25.44
287,"PPG IndustriesPPG, Акции",US6935061076,Нет,20.08 / 25.44
288,"PPLPPL, Акции",US69351T1060,Доступен,20.08 / 25.44
289,"Align TechnologyALGN, Акции",US0162551016,Нет,31.94 / 48.84
290,"PVHPVH, Акции",US6936561009,Доступен,36 / 61.29
291,"Edwards LifesciencesEW, Акции",US28176E1082,Нет,100 / 100
292,"Ralph LaurenRL, Акции",US7512121010,Доступен,20.08 / 25.44
293,"Boston PropertiesBXP, Акции",US1011211018,Доступен,20.08 / 25.44
294,"Omnicom GroupOMC, Акции",US6819191064,Доступен,20.08 / 25.44
295,"Ross StoresROST, Акции",US7782961038,Доступен,20.08 / 25.44
296,"Dollar TreeDLTR, Акции",US2567461080,Нет,20.08 / 25.44
297,"SynopsysSNPS, Акции",US8716071076,Доступен,20.08 / 25.44
298,"AT&TT, Акции",US00206R1023,Доступен,20.08 / 25.44
299,"The Charles Schwab CorporationSCHW, Акции",US8085131055,Доступен,20.08 / 25.44
300,"Sherwin-WilliamsSHW, Акции",US8243481061,Нет,20.08 / 25.44
301,"SchlumbergerSLB, Акции",AN8068571086,Доступен,20.08 / 25.44
302,"SouthernSO, Акции",US8425871071,Доступен,20.08 / 25.44
303,"C.H. Robinson WorldwideCHRW, Акции",US12541W2098,Нет,20.08 / 25.44
304,"Stanley Black & DeckerSWK, Акции",US8545021011,Нет,20.08 / 25.44
305,"Southwestern EnergySWN, Акции",US8454671095,Доступен,37.59 / 51.29
306,"SyscoSYY, Акции",US8718291078,Доступен,20.08 / 25.44
307,"Tiffany & CoTIF, Акции",US8865471085,Нет,100 / 100
308,"TJXTJX, Акции",US8725401090,Доступен,20.08 / 25.44
309,"Thermo Fisher ScientificTMO, Акции",US8835561023,Нет,20.08 / 25.44
310,"The Allstate CorporationALL, Акции",US0200021014,Нет,20.08 / 25.44
311,"T Rowe Price GroupTROW, Акции",US74144T1088,Доступен,20.08 / 25.44
312,"Amazon.comAMZN, Акции",US0231351067,Доступен,22.56 / 25.44
313,"Texas InstrumentsTXN, Акции",US8825081040,Доступен,20.08 / 25.44
314,"Johnson ControlsJCI, Акции",IE00BY7QL619,Нет,20.08 / 25.44
315,"UnumUNM, Акции",US91529Y1064,Нет,22.56 / 25.44
316,"Union Pacific CorporationUNP, Акции",US9078181081,Нет,20.08 / 25.44
317,"Raytheon TechnologiesRTX, Акции",US75513E1010,Доступен,27.75 / 32.25
318,"VFVFC, Акции",US9182041080,Нет,20.08 / 25.44
319,"Vulcan MaterialsVMC, Акции",US9291601097,Нет,20.08 / 25.44
320,"CF Industries HoldingsCF, Акции",US1252691001,Нет,26.04 / 29.96
321,"Walgreens Boots AllianceWBA, Акции",US9314271084,Доступен,20.08 / 25.44
322,"Western DigitalWDC, Акции",US9581021055,Доступен,43.75 / 35.72
323,"WEC Energy GroupWEC, Акции",US92939U1060,Нет,20.08 / 25.44
324,"British American TobaccoBTI, Акции",US1104481072,Доступен,20.08 / 25.44
325,"Wells Fargo & CompanyWFC, Акции",US9497461015,Доступен,20.08 / 25.44
326,"The Williams CompaniesWMB, Акции",US9694571004,Доступен,37.59 / 46.41
327,"Waste ManagementWM, Акции",US94106L1098,Доступен,20.08 / 25.44
328,"Wal-Mart StoresWMT, Акции",US9311421039,Доступен,20.08 / 25.44
329,"Foot LockerFL, Акции",US3448491049,Нет,20.79 / 25.44
330,"Under ArmourUAA, Акции",US9043111072,Доступен,20.08 / 25.44
331,"United RentalsURI, Акции",US9113631090,Нет,27.75 / 32.25
332,"Pioneer Natural ResourcesPXD, Акции",US7237871071,Нет,22.56 / 26.56
333,"TapestryTPR, Акции",US8760301072,Нет,20.08 / 25.44
334,"InvescoIVZ, Акции",BMG491BT1088,Доступен,20.08 / 25.44
335,"EOG ResourcesEOG, Акции",US26875P1012,Доступен,24.31 / 33.4
336,"Mettler ToledoMTD, Акции",US5926881054,Нет,20.08 / 25.44
337,"AssurantAIZ, Акции",US04621X1081,Нет,20.08 / 25.44
338,"XilinxXLNX, Акции",US9839191015,Доступен,20.08 / 25.44
339,"Intel CorporationINTC, Акции",US4581401001,Доступен,20.08 / 25.44
340,"Endo International PLCENDP, Акции",IE00BJ3V9050,Доступен,51 / 90.44
341,"Boston Scientific CorporationBSX, Акции",US1011371077,Доступен,20.08 / 25.44
342,"BiogenBIIB, Акции",US09062X1037,Доступен,25.18 / 28.82
343,"Lockheed MartinLMT, Акции",US5398301094,Доступен,20.08 / 25.44
344,"Intercontinental ExchangeICE, Акции",US45866F1049,Нет,20.08 / 25.44
345,"Vertex PharmaceuticalsVRTX, Акции",US92532F1003,Доступен,27.75 / 32.25
346,"BlackRockBLK, Акции",US09247X1019,Нет,20.08 / 25.44
347,"Agilent TechnologiesA, Акции",US00846U1016,Нет,20.08 / 25.44
348,"Sempra EnergySRE, Акции",US8168511090,Нет,20.08 / 25.44
349,"Cabot Oil & GasCOG, Акции",US1270971039,Нет,23.44 / 38.06
350,"CiscoCSCO, Акции",US17275R1023,Доступен,20.08 / 25.44
351,"eBayEBAY, Акции",US2786421030,Доступен,22.56 / 25.44
352,"Macy'sM, Акции",US55616P1049,Доступен,29.44 / 51.29
353,"GarminGRMN, Акции",CH0114405324,Доступен,20.08 / 25.44
354,"Signet JewelersSIG, Акции",BMG812761002,Доступен,31.94 / 38.06
355,"NIKENKE, Акции",US6541061031,Доступен,20.08 / 25.44
356,"Micron TechnologyMU, Акции",US5951121038,Доступен,31.11 / 35.72
357,"Goldman SachsGS, Акции",US38141G1040,Доступен,20.08 / 25.44
358,"Regeneron PharmaceuticalsREGN, Акции",US75886F1075,Доступен,22.56 / 25.44
359,"Comerica IncorporatedCMA, Акции",US2003401070,Нет,20.08 / 25.44
360,"AutoZoneAZO, Акции",US0533321024,Нет,20.08 / 25.44
361,"Marathon OilMRO, Акции",US5658491064,Нет,40.71 / 58.76
362,"QualcommQCOM, Акции",US7475251036,Доступен,20.08 / 25.44
363,"UnitedHealthUNH, Акции",US91324P1021,Доступен,20.08 / 25.44
364,"Discovery Communications (A)DISCA, Акции",US25470F1049,Доступен,20.08 / 27.69
365,"TotalEnergies SETTE, Акции",US89151E1091,Доступен,22.56 / 25.44
366,"GILEADGILD, Акции",US3755581036,Доступен,20.08 / 25.44
367,"NetflixNFLX, Акции",US64110L1061,Доступен,26.9 / 31.1
368,"Kimco RealtyKIM, Акции",US49446R1095,Нет,20.08 / 25.44
369,"Bed Bath & BeyondBBBY, Акции",US0758961009,Нет,51 / 90.44
370,"АДР МТСMBT, Акции",US6074091090,Доступен,25.18 / 28.82
371,"Starbucks CorporationSBUX, Акции",US8552441094,Доступен,20.08 / 25.44
372,"Activision BlizzardATVI, Акции",US00507V1098,Доступен,20.08 / 25.44
373,"Global PaymentsGPN, Акции",US37940X1028,Доступен,20.08 / 25.44
374,"F5 NetworksFFIV, Акции",US3156161024,Нет,25.18 / 25.44
375,"MondelezMDLZ, Акции",US6092071058,Доступен,20.08 / 25.44
376,"Edison InternationalEIX, Акции",US2810201077,Доступен,20.08 / 25.44
377,"Cardinal HealthCAH, Акции",US14149Y1082,Доступен,20.08 / 25.44
378,"NRG EnergyNRG, Акции",US6293775085,Доступен,27.75 / 32.25
379,"AccentureACN, Акции",IE00B4BNMY34,Доступен,20.08 / 25.44
380,"LabCorpLH, Акции",US50540R4092,Нет,20.08 / 25.44
381,"Willis Towers WatsonWLTW, Акции",IE00BDB6Q211,Нет,20.08 / 25.44
382,"Apartment Investment & ManagementAIV_old, Акции",US03748R7540,Нет,100 / 100
383,"PepsiCoPEP, Акции",US7134481081,Доступен,20.08 / 25.44
384,"Realty IncomeO, Акции",US7561091049,Доступен,20.08 / 25.44
385,"Tyson FoodsTSN, Акции",US9024941034,Доступен,20.08 / 25.44
386,"JPMorganJPM, Акции",US46625H1005,Доступен,20.08 / 25.44
387,"StrykerSYK, Акции",US8636671013,Нет,20.08 / 25.44
388,"Bristol-Myers SquibbBMY, Акции",US1101221083,Доступен,20.08 / 25.44
389,"D.R. HortonDHI, Акции",US23331A1097,Доступен,20.08 / 25.44
390,"ICICI BankIBN, Акции",US45104G1040,Доступен,22.56 / 31.1
391,"IlluminaILMN, Акции",US4523271090,Доступен,26.9 / 31.1
392,"Berkshire HathawayBRK.B, Акции",US0846707026,Доступен,20.08 / 25.44
393,"McKessonMCK, Акции",US58155Q1031,Нет,100 / 100
394,"SeagateSTX_OLD_240521, Акции",IE00B58JVZ52,Доступен,33.58 / 40.42
395,"Roper TechnologiesROP, Акции",US7766961061,Нет,20.08 / 25.44
396,"MastercardMA, Акции",US57636Q1040,Доступен,20.08 / 25.44
397,"CotyCOTY, Акции",US2220702037,Доступен,30.28 / 51.29
398,"NasdaqNDAQ, Акции",US6311031081,Доступен,20.08 / 25.44
399,"Costco WholesaleCOST, Акции",US22160K1051,Нет,20.08 / 25.44
400,"Advance Auto PartsAAP, Акции",US00751Y1064,Нет,20.08 / 25.44
401,"Moody'sMCO, Акции",US6153691059,Нет,20.08 / 25.44
402,"CenterPoint EnergyCNP, Акции",US15189T1079,Доступен,20.08 / 25.44
403,"US BancorpUSB, Акции",US9029733048,Доступен,20.08 / 25.44
404,"Frontier CommunicationsFTR, Акции",US35906A3068,Нет,100 / 100
405,"LG DisplayLPL, Акции",US50186V1026,Доступен,27.75 / 32.25
406,"The Estee Lauder CompaniesEL, Акции",US5184391044,Нет,20.08 / 25.44
407,"Mohawk IndustriesMHK, Акции",US6081901042,Нет,20.08 / 25.44
408,"NetAppNTAP, Акции",US64110D1046,Доступен,20.08 / 25.44
409,"Citrix SystemsCTXS, Акции",US1773761002,Доступен,22.56 / 25.44
410,"VentasVTR, Акции",US92276F1003,Доступен,20.08 / 25.44
411,"Crown CastleCCI, Акции",US22822V1017,Нет,20.08 / 25.44
412,"Range ResourcesRRC, Акции",US75281A1097,Доступен,40.71 / 76.89
413,"CitigroupC, Акции",US1729674242,Доступен,20.08 / 25.44
414,"Hartford Financial ServicesHIG, Акции",US4165151048,Доступен,20.08 / 25.44
415,"Alexion PharmaceuticalsALXN, Акции",US0153511094,Нет,22.56 / 25.44
416,"Ameriprise FinancialAMP, Акции",US03076C1062,Нет,20.08 / 25.44
417,"McCormick & CoMKC, Акции",US5797802064,Нет,20.08 / 25.44
418,"NordstromJWN, Акции",US6556641008,Доступен,28.6 / 36.89
419,"Exxon Mobil CorporationXOM, Акции",US30231G1022,Доступен,20.08 / 25.44
420,"CintasCTAS, Акции",US1729081059,Нет,20.08 / 25.44
421,"HoneywellHON, Акции",US4385161066,Доступен,22.56 / 25.44
422,"TwitterTWTR, Акции",US90184L1026,Доступен,40.71 / 51.29
423,"TargetTGT, Акции",US87612E1064,Доступен,20.08 / 25.44
424,"Prudential FinancialPRU, Акции",US7443201022,Доступен,20.08 / 25.44
425,"Verizon CommunicationsVZ, Акции",US92343V1044,Доступен,20.08 / 25.44
426,"Constellation BrandsSTZ, Акции",US21036P1084,Нет,20.08 / 25.44
427,"Philip MorrisPM, Акции",US7181721090,Доступен,20.08 / 25.44
428,"Exelon CorporationEXC, Акции",US30161N1019,Доступен,20.08 / 25.44
429,"Automatic Data ProcessingADP, Акции",US0530151036,Нет,20.08 / 25.44
430,"ChevronCVX, Акции",US1667641005,Доступен,20.08 / 25.44
431,"Iron MountainIRM, Акции",US46284V1017,Доступен,20.08 / 25.44
432,"HPHPQ, Акции",US40434L1052,Доступен,20.08 / 25.44
433,"Skyworks SolutionsSWKS, Акции",US83088M1027,Нет,25.18 / 39.24
434,"TransDigmTDG, Акции",US8936411003,Нет,22.56 / 25.44
435,"United Parcel ServiceUPS, Акции",US9113121068,Доступен,20.08 / 25.44
436,"Wynn ResortsWYNN, Акции",US9831341071,Доступен,27.75 / 32.25
437,"United Airlines HoldingsUAL, Акции",US9100471096,Доступен,23.44 / 27.69
438,"EquinixEQIX, Акции",US29444U7000,Нет,20.08 / 25.44
439,"EPAM SystemsEPAM, Акции",US29414B1044,Доступен,20.08 / 25.44
440,"FacebookFB, Акции",US30303M1027,Доступен,20.08 / 25.44
441,"DaVita HealthCare PartnersDVA, Акции",US23918K1088,Нет,20.08 / 25.44
442,"Tesla MotorsTSLA, Акции",US88160R1014,Доступен,45.24 / 61.29
443,"General MotorsGM, Акции",US37045V1008,Доступен,20.08 / 25.44
444,"Dollar GeneralDG, Акции",US2566771059,Нет,20.08 / 25.44
445,"China TelecomCHA, Акции",US1694261033,Нет,100 / 100
446,"VisaV, Акции",US92826C8394,Доступен,20.08 / 25.44
447,"Extra Space StorageEXR, Акции",US30225T1025,Нет,20.08 / 25.44
448,"Tata MotorsTTM, Акции",US8765685024,Доступен,40.71 / 51.29
449,"Regions FinancialRF, Акции",US7591EP1005,Доступен,20.08 / 25.44
450,"Digital RealtyDLR, Акции",US2538681030,Нет,20.08 / 25.44
451,"Discover Financial ServicesDFS, Акции",US2547091080,Доступен,20.08 / 25.44
452,"VEONVEON, Акции",US91822M1062,Доступен,29.44 / 34.56
453,"Huazhu GroupHTHT, Акции",US44332N1063,Нет,23.44 / 28.82
454,"HCA HealthcareHCA, Акции",US40412C1018,Доступен,20.08 / 25.44
455,"Chipotle Mexican GrillCMG, Акции",US1696561059,Нет,20.08 / 25.44
456,"BaiduBIDU, Акции",US0567521085,Доступен,50.02 / 46.41
457,"ExpediaEXPE, Акции",US30212P3038,Доступен,23.44 / 26.56
458,"TeradataTDC, Акции",US88076W1036,Нет,30.28 / 96
459,"Concho ResourcesCXO, Акции",US20605P1012,Нет,100 / 100
460,"Delta Air LinesDAL, Акции",US2473617023,Доступен,20.08 / 25.44
461,"TE ConnectivityTEL, Акции",CH0102993182,Нет,20.08 / 25.44
462,"Anheuser-Busch InBevBUD, Акции",US03524A1088,Доступен,20.08 / 25.44
463,"Charter CommunicationsCHTR, Акции",US16119P1084,Нет,20.08 / 25.44
464,"LyondellBasellLYB, Акции",NL0009434992,Доступен,20.08 / 25.44
465,"Palo Alto NetworksPANW, Акции",US6974351057,Нет,26.9 / 31.1
466,"SquareSQ, Акции",US8522341036,Доступен,32.76 / 46.41
467,"Kinder MorganKMI, Акции",US49456B1017,Доступен,22.56 / 25.44
468,"SplunkSPLK, Акции",US8486371045,Нет,28.6 / 33.4
469,"Marathon PetroleumMPC, Акции",US56585A1025,Доступен,23.44 / 26.56
470,"TripAdvisorTRIP, Акции",US8969452015,Доступен,30.28 / 53.76
471,"AbbVieABBV, Акции",US00287Y1091,Доступен,20.08 / 25.44
472,"Phillips 66PSX, Акции",US7185461040,Доступен,20.08 / 25.44
473,"Capri Holdings LimitedCPRI, Акции",VGG1890L1076,Доступен,24.31 / 27.69
474,"Mallinckrodt PLCMNK, Акции",IE00BBGT3753,Нет,100 / 100
475,"VipshopVIPS, Акции",US92763W1036,Доступен,50.02 / 42.8
476,"ZoetisZTS, Акции",US98978V1035,Нет,20.08 / 25.44
477,"JOYY IncYY, Акции",US46591M1099,Доступен,50.02 / 42.8
478,"HiltonHLT, Акции",US43300A2033,Доступен,20.08 / 25.44
479,"Kraft HeinzKHC, Акции",US5007541064,Доступен,26.9 / 31.1
480,"American Airlines GroupAAL, Акции",US02376R1023,Нет,20.08 / 29.96
481,"JD.comJD, Акции",US47215P1066,Доступен,50.02 / 32.25
482,"Synchrony FinancialSYF, Акции",US87165B1035,Нет,20.08 / 25.44
483,"Weibo CorporationWB, Акции",US9485961018,Доступен,36 / 44
484,"AlibabaBABA, Акции",US01609W1027,Доступен,50.02 / 25.44
485,"Citizens Financial GroupCFG, Акции",US1746101054,Доступен,20.08 / 25.44
486,"PayPal HoldingsPYPL, Акции",US70450Y1038,Доступен,27.75 / 32.25
487,"Hewlett Packard EnterpriseHPE, Акции",US42824C1099,Доступен,42.24 / 53.76
488,"Hello GroupMOMO, Акции",US4234031049,Доступен,50.02 / 50.06
489,"QorvoQRVO, Акции",US74736K1016,Доступен,26.9 / 31.1
490,"Nielsen Holdings plcNLSN, Акции",GB00BWFY5505,Нет,20.08 / 25.44
491,"Monster BeverageMNST, Акции",US61174X1090,Доступен,20.08 / 25.44
492,"WestRockWRK, Акции",US96145D1054,Доступен,20.08 / 25.44
493,"Ferrari N.V.RACE, Акции",NL0011585146,Доступен,40.71 / 51.29
494,"Alphabet Class AGOOGL, Акции",US02079K3059,Доступен,20.08 / 25.44
495,"Alphabet Class CGOOG, Акции",US02079K1079,Доступен,20.08 / 25.44
496,"Alcoa CorporationAA, Акции",US0138721065,Доступен,29.44 / 34.56
497,"FortiveFTV, Акции",US34959J1088,Нет,20.08 / 25.44
498,"DuPont de Nemours IncDD, Акции",US26614N1028,Нет,20.08 / 25.44
499,"TechnipFMCFTI, Акции",GB00BDSFG982,Нет,22.56 / 39.24
500,"DXC TechnologyDXC, Акции",US23355L1061,Доступен,46.71 / 69
501,"Ulta BeautyULTA, Акции",US90384S3031,Нет,20.08 / 25.44
502,"Baker HughesBKR, Акции",US05722G1004,Доступен,22.56 / 25.44
503,"Delphi TechnologiesDLPH, Акции",JE00BD85SC56,Нет,100 / 100
504,"LindeLIN, Акции",IE00BZ12WP82,Нет,20.08 / 25.44
505,"Micro FocusMFGP, Акции",US5948374039,Доступен,49.59 / 66.41
506,"Equitrans Midstream CorporationETRN, Акции",US2946001011,Доступен,61.56 / 90.44
507,"BroadcomAVGO, Акции",US11135F1012,Доступен,20.08 / 25.44
508,"CignaCI, Акции",US1255231003,Нет,20.08 / 25.44
509,"Sohu.comSOHU, Акции",US83410S1087,Нет,40.71 / 69
510,"Cadence Design SystemsCDNS, Акции",US1273871087,Нет,20.08 / 25.44
511,"Continental Resources IncCLR, Акции",US2120151012,Доступен,26.04 / 40.42
512,"Dave & Buster's Entertainment IncPLAY, Акции",US2383371091,Доступен,29.44 / 38.06
513,"FleetCor Technologies IncFLT, Акции",US3390411052,Нет,20.08 / 25.44
514,"Spirit Airlines IncSAVE, Акции",US8485771021,Доступен,53.76 / 74.24
515,"Wabtec Corp.WAB, Акции",US9297401088,Нет,20.08 / 25.44
516,"MarketAxess Holdings IncMKTX, Акции",US57060D1081,Нет,20.08 / 25.44
517,"Ingredion IncINGR, Акции",US4571871023,Доступен,20.08 / 25.44
518,"Zebra Technologies CorpZBRA, Акции",US9892071054,Нет,27.75 / 32.25
519,"Hyatt Hotels CorpH, Акции",US4485791028,Доступен,20.08 / 25.44
520,"j2 Global IncJCOM, Акции",US48123V1026,Доступен,20.08 / 25.44
521,"MercadoLibre IncMELI, Акции",US58733R1023,Нет,27.75 / 36.89
522,"Children's Place Inc ThePLCE, Акции",US1689051076,Нет,22.56 / 40.42
523,"Las Vegas Sands CorpLVS, Акции",US5178341070,Доступен,20.08 / 25.44
524,"Etsy IncETSY, Акции",US29786A1060,Доступен,37.59 / 46.41
525,"Spirit AeroSystems HoldingsSPR, Акции",US8485741099,Доступен,51 / 71.61
526,"MSCI IncMSCI, Акции",US55354G1004,Нет,20.08 / 25.44
527,"Inogen IncINGN, Акции",US45780L1044,Нет,37.59 / 48.84
528,"Diamondback Energy IncFANG, Акции",US25278X1090,Нет,100 / 100
529,"Shake Shack IncSHAK, Акции",US8190471016,Нет,39.16 / 46.41
530,"Paycom Software IncPAYC, Акции",US70432V1026,Нет,31.11 / 36.89
531,"Spotify Technology SASPOT, Акции",LU1778762911,Доступен,32.76 / 39.24
532,"Bilibili IncBILI, Акции",US0900401060,Доступен,69.75 / 110.25
533,"Match Group IncMTCH, Акции",US57667L1070,Доступен,27.75 / 32.25
534,"Take-Two Interactive SoftwareTTWO, Акции",US8740541094,Доступен,27.75 / 32.25
535,"T-Mobile US IncTMUS, Акции",US8725901040,Доступен,24.31 / 27.69
536,"Cinemark Holdings IncCNK, Акции",US17243V1026,Доступен,22.56 / 28.82
537,"Snap IncSNAP, Акции",US83304A1060,Доступен,35.2 / 42.8
538,"Sony CorpSONY, Акции",US8356993076,Нет,32.76 / 39.24
539,"Toyota Motor CorpTM, Акции",US8923313071,Нет,27.75 / 32.25
540,"Farfetch LtdFTCH, Акции",KY30744W1070,Нет,42.24 / 53.76
541,"Five Below IncFIVE US, Акции",US33829M1018,Нет,100 / 100
542,"iRobot CorpIRBT, Акции",US4627261005,Доступен,37.59 / 46.41
543,"Lululemon Athletica IncLULU, Акции",US5500211090,Нет,30.28 / 35.72
544,"Roku IncROKU, Акции",US77543R1023,Доступен,89.76 / 227.61
545,"Burlington Stores IncBURL, Акции",US1220171060,Нет,20.08 / 28.82
546,"GrubHub IncGRUBold, Акции",US4001101025,Нет,100 / 100
547,"Levi Strauss & CoLEVI, Акции",US52736R1023,Доступен,61.56 / 90.44
548,"US Foods Holding CorpUSFD, Акции",US9120081099,Доступен,20.08 / 25.44
549,"Gazprom PJSCOGZD@GS, Акции",US3682872078,Нет,20.08 / 22.32
550,"Sberbank of Russia PJSCSBER@GS, Акции",US80585Y3080,Нет,20.79 / 23.21
551,"Abiomed IncABMD, Акции",US0036541003,Доступен,27.75 / 32.25
552,"DexCom IncDXCM, Акции",US2521311074,Доступен,27.75 / 32.25
553,"FIBROGEN INCFGEN, Акции",US31572Q8087,Нет,60.31 / 86.32
554,"iRhythm TechnologiesIRTC, Акции",US4500561067,Нет,52.39 / 35.72
555,"Invitae CorpNVTA, Акции",US46185L1035,Нет,57.1 / 80.9
556,"Veeva Systems IncVEEV, Акции",US9224751084,Нет,100 / 100
557,"Sage Therapeutics IncSAGE, Акции",US78667J1088,Доступен,37.59 / 46.41
558,"Allogene Therapeutics IncALLO, Акции",US0197701065,Нет,57.75 / 82.25
559,"Huntington Ingalls Industries IncHII, Акции",US4464131063,Доступен,20.08 / 25.44
560,"Taiwan Semiconductor ManufacturingTSM, Акции",US8740391003,Доступен,20.08 / 25.44
561,"Trade Desk Inc/TheTTD, Акции",US88339J1051,Доступен,40.71 / 51.29
562,"DocuSign IncDOCU, Акции",US2561631068,Доступен,46.71 / 61.29
563,"Fortinet IncFTNT, Акции",US34959E1091,Доступен,20.08 / 25.44
564,"Lumentum Holdings IncLITE, Акции",US55024U1097,Нет,35.2 / 42.8
565,"Nutanix IncNTNX, Акции",US67059N1081,Доступен,37.59 / 46.41
566,"GoDaddy IncGDDY, Акции",US3802371076,Нет,24.31 / 48.84
567,"Twilio IncTWLO, Акции",US90138F1021,Доступен,40.71 / 51.29
568,"Barrick GoldGOLD, Акции",CA0679011084,Нет,27.75 / 32.25
569,"Baozun IncBZUN, Акции",US06684L1035,Нет,46.71 / 61.29
570,"Lyft IncLYFT, Акции",US55087P1049,Доступен,61.56 / 90.44
571,"Zoom Video Communications IncZM, Акции",US98980L1017,Доступен,57.75 / 82.25
572,"Pinterest IncPINS, Акции",US72352L1061,Доступен,69.75 / 110.25
573,"UberUBER, Акции",US90353T1007,Доступен,80.64 / 162.44
574,"Beyond Meat IncBYND, Акции",US08862E1091,Доступен,51 / 69
575,"Check Point Software Technologies LtdCHKP, Акции",IL0010824113,Нет,25.18 / 28.82
576,"HeadHunter Group PLCHHR, Акции",US42207L1061,Нет,69.75 / 110.25
577,"Zynerba Pharmaceuticals IncZYNE, Акции",US98986X1090,Доступен,59.04 / 101.64
578,"BioMarin Pharmaceutical IncBMRN, Акции",US09061G1013,Нет,22.56 / 25.44
579,"Crocs IncCROX, Акции",US2270461096,Нет,44.5 / 57.5
580,"Fastly IncFSLY, Акции",US31188V1008,Доступен,75 / 131.04
581,"Sarepta Therapeutics IncSRPT, Акции",US8036071004,Доступен,35.2 / 42.8
582,"Axsome Therapeutics IncAXSM, Акции",US05464T1043,Нет,55.78 / 78.22
583,"SolarEdge Technologies IncSEDG, Акции",US83417M1045,Доступен,42.24 / 56.25
584,"Teradyne IncTER, Акции",US8807701029,Доступен,61.56 / 90.44
585,"Wayfair IncW, Акции",US94419L1017,Доступен,35.2 / 42.8
586,"Workday IncWDAY, Акции",US98138H1014,Нет,42.24 / 53.76
587,"Zendesk IncZEN, Акции",US98936J1016,Нет,27.75 / 32.25
588,"Dow IncDOW, Акции",US2605571031,Доступен,61.56 / 90.44
589,"AramarkARMK, Акции",US03852U1060,Нет,20.08 / 25.44
590,"Emergent BioSolutions IncEBS, Акции",US29089Q1058,Нет,34.39 / 26.56
591,"Alteryx IncAYX, Акции",US02156B1035,Доступен,46.71 / 42.8
592,"ON Semiconductor CorpON, Акции",US6821891057,Нет,27.75 / 32.25
593,"PBF Energy IncPBF, Акции",US69318G1067,Доступен,30.28 / 51.29
594,"Performance Food Group CoPFGC, Акции",US71377A1034,Доступен,20.08 / 25.44
595,"Dominion Energy IncD, Акции",US25746U1097,Доступен,20.08 / 25.44
596,"Arista Networks IncANET, Акции",US0404131064,Доступен,29.44 / 34.56
597,"Livent CorporationLTHM, Акции",US53814L1089,Доступен,61.56 / 90.44
598,"BJ's Restaurants IncBJRI, Акции",US09180C1062,Доступен,24.31 / 27.69
599,"Hawaiian Holdings IncHA, Акции",US4198791018,Доступен,27.75 / 35.72
600,"IQVIA Holdings IncIQV, Акции",US46266C1053,Нет,20.08 / 25.44
601,"Intercept Pharmaceuticals IncICPT, Акции",US45845P1084,Нет,45.98 / 60.02
602,"Crowdstrike Holdings IncCRWD, Акции",US22788C1053,Доступен,72.96 / 122.01
603,"Exelixis IncEXEL, Акции",US30161Q1040,Нет,36.8 / 45.2
604,"AnaptysBio IncANAB, Акции",US0327241065,Доступен,47.44 / 62.56
605,"AdvanSix IncASIX, Акции",US00773T1016,Нет,43.75 / 51.29
606,"SINA Corp ChinaSINA, Акции",KYG814771047,Нет,100 / 100
607,"Zscaler IncZS, Акции",US98980G1022,Доступен,72.96 / 122.01
608,"TAL Education GroupTAL, Акции",US8740801043,Нет,100 / 612.89
609,"NetEase IncNTES, Акции",US64110W1027,Доступен,27.75 / 32.25
610,"SanofiSNY, Акции",US80105N1054,Доступен,20.08 / 25.44
611,"Red Robin Gourmet Burgers IncRRGB, Акции",US75689M1018,Доступен,24.31 / 41.61
612,"2U IncTWOU, Акции",US90214J1016,Доступен,34.39 / 46.41
613,"Veoneer IncVNE, Акции",US92336X1090,Нет,45.24 / 58.76
614,"Coupa Software IncCOUP, Акции",US22266L1061,Нет,32.76 / 39.24
615,"Hilton Grand Vacations IncHGV, Акции",US43283X1054,Нет,22.56 / 25.44
616,"ServiceNow IncNOW, Акции",US81762P1021,Нет,23.44 / 26.56
617,"Proto Labs IncPRLB, Акции",US7437131094,Нет,28.6 / 40.42
618,"MicroStrategy IncMSTR, Акции",US5949724083,Доступен,37.59 / 96
619,"Dillard's IncDDS, Акции",US2540671011,Нет,29.44 / 69
620,"Vale SAVALE, Акции",US91912E1055,Доступен,35.2 / 42.8
621,"Corteva IncCTVA, Акции",US22052L1044,Нет,42.24 / 53.76
622,"Quidel CorpQDEL, Акции",US74838J1016,Нет,39.16 / 48.84
623,"Varex Imaging CorpVREX, Акции",US92214X1063,Доступен,24.31 / 27.69
624,"Rhythm Pharmaceuticals IncRYTM, Акции",US76243J1051,Нет,62.79 / 93.21
625,"Twenty-First Century FoxFOX, Акции",US35137L2043,Нет,100 / 100
626,"Twenty-First Century Fox (A)FOXA, Акции",US35137L1052,Нет,100 / 100
627,"MongoDB IncMDB, Акции",US60937P1066,Доступен,37.59 / 46.41
628,"B&G Foods IncBGS, Акции",US05508R1068,Нет,32.76 / 39.24
629,"Intellia Therapeutics IncNTLA, Акции",US45826J1051,Нет,42.24 / 56.25
630,"Okta IncOKTA, Акции",US6792951054,Нет,30.28 / 35.72
631,"Ollie's Bargain Outlet HoldingOLLI, Акции",US6811161099,Нет,39.16 / 36.89
632,"Global Blood Therapeutics IncGBT, Акции",US37890U1088,Нет,46.71 / 61.29
633,"Gossamer Bio IncGOSS, Акции",US38341P1021,Доступен,53.76 / 74.24
634,"Turtle Beach CorpHEAR, Акции",US9004502061,Доступен,62.79 / 93.21
635,"Smartsheet IncSMAR, Акции",US83200N1037,Доступен,53.76 / 74.24
636,"TCR2 Therapeutics IncTCRR, Акции",US87808K1060,Нет,71.91 / 116.09
637,"ACADIA Pharmaceuticals IncACAD, Акции",US0042251084,Доступен,40.71 / 51.29
638,"Arrowhead Pharmaceuticals IncARWR, Акции",US04280A1007,Доступен,59.04 / 84.96
639,"Altice USA IncATUS, Акции",US02156K1034,Нет,27.75 / 32.25
640,"Bluebird Bio IncBLUE, Акции",US09609G1004,Нет,44.5 / 57.5
641,"CoStar Group IncCSGP, Акции",US22160N1090,Нет,20.08 / 25.44
642,"Evolent Health IncEVH, Акции",US30050B1017,Доступен,57.75 / 69
643,"Zillow Group IncZ, Акции",US98954M2008,Доступен,25.18 / 35.72
644,"CloudFlare IncNET, Акции",US18915M1071,Доступен,66.36 / 101.64
645,"Peloton Interactive IncPTON, Акции",US70614W1009,Доступен,65.19 / 98.81
646,"Datadog IncDDOG, Акции",US23804L1035,Доступен,61.56 / 90.44
647,"XeroxXRX, Акции",US98421M1062,Доступен,20.08 / 25.44
648,"Freedom Holding Corp/NVFRHC, Акции",US3563901046,Нет,51 / 69
649,"Zogenix IncZGNX, Акции",US98978L2043,Доступен,37.59 / 46.41
650,"Aerie Pharmaceuticals IncAERI, Акции",US00771V1089,Доступен,32.76 / 39.24
651,"Atara Biotherapeutics IncATRA, Акции",US0465131078,Доступен,42.24 / 53.76
652,"Cara Therapeutics IncCARA, Акции",US1407551092,Нет,45.24 / 58.76
653,"Heron Therapeutics IncHRTX, Акции",US4277461020,Доступен,32.76 / 39.24
654,"OraSure Technologies IncOSUR, Акции",US68554V1089,Нет,40.71 / 51.29
655,"Pilgrim's Pride CorpPPC, Акции",US72147K1088,Доступен,20.08 / 25.44
656,"Editas Medicine IncEDIT, Акции",US28106W1036,Нет,42.24 / 82.25
657,"Esperion Therapeutics IncESPR, Акции",US29664W1053,Нет,42.24 / 53.76
658,"Funko IncFNKO, Акции",US3610081057,Нет,40.71 / 53.76
659,"Zynex IncZYXI, Акции",US98986M1036,Доступен,43.75 / 46.41
660,"eHealth IncEHTH, Акции",US28238P1093,Доступен,35.2 / 42.8
661,"Moderna IncMRNA, Акции",US60770K1079,Доступен,51 / 69
662,"G1 Therapeutics IncGTHX, Акции",US3621LQ1099,Доступен,51 / 69
663,"Iovance Biotherapeutics IncIOVA, Акции",US4622601007,Доступен,42.24 / 53.76
664,"Upwork IncUPWK, Акции",US91688F1049,Доступен,55.11 / 76.89
665,"Aimmune Therapeutics IncAIMT, Акции",US00900T1079,Нет,100 / 100
666,"Chefs' Warehouse IncCHEF, Акции",US1630861011,Доступен,26.04 / 40.42
667,"Oceaneering International IncOII, Акции",US6752321025,Доступен,51 / 69
668,"Oil States International IncOIS, Акции",US6780261052,Нет,40.71 / 51.29
669,"ProPetro Holding CorpPUMP, Акции",US74347M1080,Доступен,61.56 / 90.44
670,"Renewable Energy Group IncREGI, Акции",US75972A3014,Доступен,26.9 / 41.61
671,"Royal Dutch Shell (A)RDS.A, Акции",US7802592060,Доступен,20.08 / 25.44
672,"Virgin Galactic Holdings Inc Class ASPCE, Акции",US92766K1060,Доступен,50.02 / 90.44
673,"ViacomCBS Inc.VIAC, Акции",US92556H2067,Доступен,26.9 / 28.82
674,"Ovintiv Inc.OVV, Акции",US69047Q1022,Доступен,51 / 69
675,"Schrodinger IncSDGR, Акции",US80810D1037,Нет,81.51 / 165.69
676,"Enphase Energy IncENPH, Акции",US29355A1079,Доступен,51 / 69
677,"NXP Semiconductors NVNXPI, Акции",NL0009538784,Доступен,32.76 / 39.24
678,"Teladoc Health IncTDOC, Акции",US87918A1051,Доступен,32.76 / 39.24
679,"ChampionX CorporationCHX, Акции",US15872M1045,Доступен,49.59 / 66.41
680,"Digital Turbine IncAPPS, Акции",US25400W1027,Нет,53.76 / 74.24
681,"Black Diamond Therapeutics IncBDTX, Акции",US09203E1055,Нет,76.96 / 140.25
682,"Unity Software IncU, Акции",US91332U1016,Нет,42.24 / 53.76
683,"Palantir Technologies IncPLTR, Акции",US69608A1088,Доступен,62.79 / 93.21
684,"DraftKings IncDKNG, Акции",US26142R1041,Доступен,69.75 / 110.25
685,"Arcturus Therapeutics HoldingsARCT, Акции",US03969T1097,Нет,57.75 / 93.21
686,"BioXcel TherapeuticsBTAI, Акции",US09075P1057,Нет,59.04 / 84.96
687,"Virtus Investment PartnersVRTS, Акции",US92828Q1094,Нет,100 / 100
688,"Velodyne LidarVLDR, Акции",US92259F1012,Нет,46.71 / 74.24
689,"Viatris IncVTRS, Акции",US92556V1061,Нет,32.76 / 39.24
690,"ChemoCentryx, IncCCXI, Акции",US16383L1061,Нет,56.44 / 79.56
691,"Vir BiotechnologyVIR, Акции",US92764N1028,Нет,61.56 / 90.44
692,"Amicus TherapeuticsFOLD, Акции",US03152W1099,Нет,40.71 / 51.29
693,"CompugenCGEN, Акции",IL0010852080,Нет,43 / 55
694,"Apartment Investment & ManagementAIV, Акции",US03748R7474,Нет,23.44 / 26.56
695,"Airbnb, IncABNB, Акции",US0090661010,Нет,51 / 69
696,"Lordstown Motors CorpRIDE, Акции",US54405Q1004,Нет,55.11 / 79.56
697,"Stride, IncLRN, Акции",US86333M1080,Нет,35.2 / 42.8
698,"ContextLogicWISH, Акции",US21077C1071,Нет,52.39 / 74.24
699,"APA CorporationAPA, Акции",US03743Q1085,Доступен,46.71 / 61.29
700,"Skillz IncSKLZ, Акции",US83067L1098,Нет,62.79 / 98.81
701,"QuantumScape CorporationQS, Акции",US74767V1098,Нет,82.36 / 172.25
702,"CoinbaseCOIN, Акции",US19260Q1076,Доступен,69.75 / 110.25
703,"FTC Solar, Inc.FTCI, Акции",US30320C1036,Нет,61.56 / 90.44
704,"Coupang, Inc.CPNG, Акции",US22266T1097,Нет,32.76 / 39.24
705,"Clover Health Investments, Corp.CLOV, Акции",US18914F1030,Доступен,53.76 / 122.01
706,"Bionano Genomics, Inc.BNGO, Акции",US09075F1075,Нет,80.64 / 220.41
707,"SeagateSTX, Акции",IE00BKVD2N49,Доступен,33.58 / 40.42
708,"AppHarvestAPPH, Акции",US03783T1034,Нет,53.76 / 74.24
709,"CEL SCI CorporationCVM, Акции",US1508376076,Нет,56.44 / 76.89
710,"Hyliion Holdings Corp.HYLN, Акции",US4491091074,Нет,75 / 131.04
711,"Cassava SciencesSAVA, Акции",US14817C1071,Нет,88.44 / 216.84
712,"АДР Just Eat Takeaway.com N.V.GRUB, Акции",US48214T3059,Нет,61.56 / 90.44
713,"Astra SpaceASTR, Акции",US04634X1037,Нет,59.04 / 84.96
714,"Zymergen Inc.ZY, Акции",US98985X1000,Нет,75 / 125
715,"Robinhood Markets, Inc.HOOD, Акции",US7707001027,Доступен,66.36 / 220.41
716,"Just Eat Takeaway.com N.V.TKWY, Акции",NL0012015705,Нет,100 / 100
717,"Тинькофф Вечный портфель RUBTRUR, Фонды",RU000A1011U5,Нет,37.59 / 67.7
718,"РЖД выпуск 23RU000A0JQRD9, Облигации",RU000A0JQRD9,Нет,19 / 21
719,"ВЭБ.РФ выпуск 9RU000A0JRCX7, Облигации",RU000A0JRCX7,Нет,100 / 100
720,"ОФЗ 26205SU26205RMFS3, Облигации",RU000A0JREQ7,Нет,100 / 100
721,"ОФЗ 26207SU26207RMFS9, Облигации",RU000A0JS3W6,Нет,9.75 / 12.36
722,"ОФЗ 26209SU26209RMFS5, Облигации",RU000A0JSMA2,Нет,9.75 / 10.25
723,"ОФЗ 26211SU26211RMFS1, Облигации",RU000A0JTJL3,Нет,9.75 / 10.25
724,"ОФЗ 26212SU26212RMFS9, Облигации",RU000A0JTK38,Нет,9.75 / 14.49
725,"РСХБ выпуск 20RU000A0JTVJ2, Облигации",RU000A0JTVJ2,Нет,19 / 21
726,"Башнефть выпуск 6RU000A0JTM28, Облигации",RU000A0JTM28,Нет,19 / 21
727,"ОФЗ 26215SU26215RMFS2, Облигации",RU000A0JU4L3,Нет,9.75 / 10.25
728,"ОФЗ 29006SU29006RMFS2, Облигации",RU000A0JV4L2,Нет,15.36 / 10.25
729,"ОФЗ 26217SU26217RMFS8, Облигации",RU000A0JVW30,Нет,11.64 / 10.25
730,"ОФЗ 26218SU26218RMFS6, Облигации",RU000A0JVW48,Нет,9.75 / 16.64
731,"ОГК-2 выпуск 1RU000A0JVYN4, Облигации",RU000A0JVYN4,Нет,100 / 100
732,"X5 выпуск 6RU000A0JWG05, Облигации",RU000A0JWG05,Нет,19 / 21
733,"ОФЗ 26219SU26219RMFS4, Облигации",RU000A0JWM07,Нет,9.75 / 12.36
734,"ОФЗ 29012SU29012RMFS0, Облигации",RU000A0JX0H6,Нет,9.75 / 10.25
735,"Ямало-Ненецкий АО выпуск 2RU000A0JX0Z8, Облигации",RU000A0JX0Z8,Нет,19 / 21
736,"ГТЛК выпуск 3RU000A0JXE06, Облигации",RU000A0JXE06,Нет,19 / 21
737,"ОФЗ 26220SU26220RMFS2, Облигации",RU000A0JXB41,Нет,9.75 / 10.25
738,"Газпром капитал выпуск 5RU000A0JXFS8, Облигации",RU000A0JXFS8,Нет,19 / 21
739,"ОФЗ 26221SU26221RMFS0, Облигации",RU000A0JXFM1,Нет,17.19 / 10.25
740,"МТС выпуск 2RU000A0JXMH7, Облигации",RU000A0JXMH7,Нет,100 / 100
741,"ГТЛК выпуск 4RU000A0JXPG2, Облигации",RU000A0JXPG2,Нет,19 / 21
742,"ОФЗ 26222SU26222RMFS8, Облигации",RU000A0JXQF2,Нет,9.75 / 10.25
743,"Почта России выпуск 2RU000A0JXRD5, Облигации",RU000A0JXRD5,Нет,19 / 21
744,"ИКС 5 Финанс выпуск 2RU000A0JXRS3, Облигации",RU000A0JXRS3,Нет,19 / 21
745,"Почта России выпуск 3RU000A0JXS59, Облигации",RU000A0JXS59,Нет,19 / 21
746,"Дельта Кредит БО-001P выпуск 1RU000A0ZYBG6, Облигации",RU000A0ZYBG6,Нет,100 / 100
747,"ОФЗ 25083SU25083RMFS5, Облигации",RU000A0ZYCK6,Нет,9.75 / 10.25
748,"МТС выпуск 3RU000A0ZYFC6, Облигации",RU000A0ZYFC6,Нет,19 / 21
749,"Ростелеком выпуск 3RU000A0ZYG52, Облигации",RU000A0ZYG52,Нет,19 / 21
750,"Санкт-Петербург выпуск 1RU000A0ZYHX8, Облигации",RU000A0ZYHX8,Нет,19 / 21
751,"МегаФон БО-1 выпуск 4RU000A0ZYTM6, Облигации",RU000A0ZYTM6,Нет,100 / 100
752,"Альфа-Банк выпуск 40RU000A0ZYU21, Облигации",RU000A0ZYU21,Нет,19 / 21
753,"ОФЗ 26223SU26223RMFS6, Облигации",RU000A0ZYU88,Нет,9.75 / 10.25
754,"ОФЗ 26224SU26224RMFS4, Облигации",RU000A0ZYUA9,Нет,9.75 / 16.64
755,"ОФЗ 26225SU26225RMFS1, Облигации",RU000A0ZYUB7,Нет,19 / 10.25
756,"ОФЗ 26226SU26226RMFS9, Облигации",RU000A0ZZYW2,Нет,9.75 / 12.36
757,"ОФЗ 26227SU26227RMFS7, Облигации",RU000A1007F4,Нет,9.75 / 10.25
758,"ОФЗ 26228SU26228RMFS5, Облигации",RU000A100A82,Нет,9.75 / 16.64
759,"АФК Система выпуск 9RU000A1005L6, Облигации",RU000A1005L6,Нет,100 / 100
760,"АФК Система выпуск 10RU000A1008J4, Облигации",RU000A1008J4,Нет,19 / 21
761,"ГТЛК выпуск 9RU000A0ZZ1J8, Облигации",RU000A0ZZ1J8,Нет,19 / 21
762,"Газпром БО-22RU000A0ZZES2, Облигации",RU000A0ZZES2,Нет,19 / 21
763,"ПИК БО выпуск 7RU000A0JWP46, Облигации",RU000A0JWP46,Нет,100 / 100
764,"Альфа-Банк 002Р выпуск 2RU000A0ZZRB0, Облигации",RU000A0ZZRB0,Нет,19 / 21
765,"МТС выпуск 6RU000A0ZYWY5, Облигации",RU000A0ZYWY5,Нет,19 / 21
766,"ОФЗ 29008SU29008RMFS8, Облигации",RU000A0JV4P3,Нет,15.36 / 14.49
767,"ОФЗ 29010SU29010RMFS4, Облигации",RU000A0JV4Q1,Нет,15.36 / 16.64
768,"АФК Система выпуск 6RU000A0JXN21, Облигации",RU000A0JXN21,Нет,100 / 100
769,"ЕвразХолдинг Финанс 001P выпуск 1RU000A0JWBH2, Облигации",RU000A0JWBH2,Нет,100 / 100
770,"Фольксваген Банк РУС 001P выпуск 2RU000A0ZZGE7, Облигации",RU000A0ZZGE7,Нет,19 / 21
771,"Ритейл Бел Финанс выпуск 1RU000A100JH0, Облигации",RU000A100JH0,Нет,100 / 100
772,"ОФЗ 26229SU26229RMFS3, Облигации",RU000A100EG3,Нет,9.75 / 12.36
773,"ОФЗ 26230SU26230RMFS1, Облигации",RU000A100EF5,Нет,22.56 / 10.25
774,"RussiaXS0088543193, Облигации",XS0088543193,Нет,19 / 21
775,"GazpromGAZP0322, Облигации",XS0290580595,Нет,27.75 / 32.25
776,"LukoilXS0304274599, Облигации",XS0304274599,Нет,26.04 / 29.96
777,"GazpromXS0316524130, Облигации",XS0316524130,Нет,52.39 / 71.61
778,"VTBVTB1020, Облигации",XS0548633659,Нет,100 / 100
779,"VEBXS0559915961, Облигации",XS0559915961,Нет,42.24 / 53.76
780,"NovatekNVTK0221, Облигации",XS0588433267,Нет,100 / 100
781,"Alfa BankXS0620695204, Облигации",XS0620695204,Нет,100 / 300
782,"VEBXS0800817073, Облигации",XS0800817073,Нет,22.56 / 25.44
783,"Газпром нефтьXS0830192711, Облигации",XS0830192711,Нет,19 / 21
784,"RosneftXS0861981180, Облигации",XS0861981180,Нет,19 / 21
785,"NovatekXS0864383723, Облигации",XS0864383723,Нет,19 / 21
786,"VEBXS0993162683, Облигации",XS0993162683,Нет,32.76 / 39.24
787,"GazpromneftXS0997544860, Облигации",XS0997544860,Нет,20.79 / 23.21
788,"GMK NorNickelGMKN1022, Облигации",XS1298447019,Нет,31.11 / 36.89
789,"EvrazXS1405775377, Облигации",XS1405775377,Нет,19 / 21
790,"Росэксимбанк выпуск 1RU000A0JX2M2, Облигации",RU000A0JX2M2,Нет,100 / 100
791,"RussiaXS0114288789, Облигации",XS0114288789,Нет,19 / 21
792,"GMK NorNickelXS1589324075, Облигации",XS1589324075,Нет,32.76 / 39.24
793,"GTLKXS1577961516, Облигации",XS1577961516,Нет,24.31 / 27.69
794,"GazpromXS2124187571, Облигации",XS2124187571,Нет,43.75 / 56.25
795,"GazpromGAZP1124, Облигации",XS1721463500,Нет,22.56 / 25.44
